Cell Type,L2_experiment_1,L2_experiment_2,Waterston_300_minutes,Waterston_400_minutes,Waterston_500_minutes_batch_1,Waterston_500_minutes_batch_2,Murray_r17,Murray_b01,Murray_b02,acr-2,ceh-34,cho-1_1,cho-1_2,ift-20,eat-4,unc-47_2,unc-47_1,nmr-1,Pan,tph-1_ceh-10,unc-3
ABarpaaa_lineage,0,0,92,96,2,0,41,28,14,0,0,0,0,0,0,0,0,0,0,0,0
ADA?,0,0,0,0,0,0,0,0,0,7,1,2,2,1,124,4,0,3,168,1,62
ADA_ADE_grandparent,0,0,6,32,0,0,2,7,3,0,0,0,0,0,0,0,0,0,0,0,0
ADE,0,0,1,3,46,16,9,9,6,1,1,0,1,50,1,0,0,0,109,1,2
ADE_CEP_PDE,126,0,0,0,0,0,0,0,0,0,0,0,0,0,0,0,0,0,0,0,0
ADEsh,0,0,0,8,38,4,6,14,1,0,0,0,0,0,0,0,0,0,0,0,0
ADF,61,0,4,30,69,38,12,12,5,15,2,2,2,238,7,0,0,0,8,467,3
ADF_AWB,0,0,6,52,23,3,8,8,2,0,0,0,0,0,0,0,0,0,0,0,0
ADL,113,0,26,107,78,138,18,92,18,9,2,6,6,522,291,2,0,2,18,1,24
ADL_parent,0,0,80,66,1,0,1,0,0,0,0,0,0,0,0,0,0,0,0,0,0
AFD,35,0,18,98,67,70,27,42,4,2,1,0,1,3,126,3,0,0,66,1,2
AIA,60,0,0,17,19,4,6,7,3,4,0,53,44,0,1,1,0,0,72,1,2
AIB,130,0,0,6,52,31,14,18,4,18,1,4,2,5,304,8,1,1,335,4,375
AIM,59,0,0,6,37,15,14,18,4,19,4,5,3,4,93,19,3,5,167,8,108
AIN,72,0,0,1,29,20,9,3,2,0,0,0,0,0,0,0,0,0,0,0,0
AIN?,0,0,0,0,0,0,0,0,0,5,1,44,28,0,1,170,44,0,58,12,6
AIN_parent,0,0,19,28,2,0,5,1,0,0,0,0,0,0,0,0,0,0,0,0,0
AIY,43,0,1,5,49,48,14,22,10,1,0,21,23,0,1,2,0,0,27,243,2
AIZ,0,0,0,0,10,10,5,10,4,11,1,0,0,1,210,1,0,1,159,3,221
ALA,18,0,4,21,33,32,10,20,2,3,0,0,0,0,70,1,2,1,15,4,17
ALM_BDU,0,0,1,10,25,29,10,11,4,0,0,0,0,0,0,0,0,0,0,0,0
ALM_PLM,0,0,0,2,19,41,2,12,0,0,0,0,0,0,0,0,0,0,0,0,0
ALM_PLM_AVM_PVM,389,0,0,0,0,0,0,0,0,0,0,0,0,0,0,0,0,0,0,0,0
ALM_PLM_PVM,0,0,0,0,0,0,0,0,0,3,0,0,1,0,231,0,2,0,60,1,28
ALN,0,0,0,2,20,6,0,0,0,0,0,0,0,0,0,0,0,0,0,0,0
ALN?,0,0,0,0,0,0,0,0,0,0,1,11,12,0,4,1,1,0,88,0,22
ALN_PLN_SDQ,186,0,0,0,0,0,0,0,0,0,0,0,0,0,0,0,0,0,0,0,0
amphid_sheath_cell,0,0,0,0,0,0,0,0,0,18,1,4,1,3,24,1,0,1,22,16,5
AMsh,265,0,11,99,50,140,11,65,16,0,0,0,0,0,0,0,0,0,0,0,0
AMso,0,0,6,55,41,55,10,38,19,0,0,0,0,0,0,0,0,0,0,0,0
AMso_parent,0,0,34,25,0,0,13,4,2,0,0,0,0,0,0,0,0,0,0,0,0
AMso_PHso,252,0,0,0,0,0,0,0,0,0,0,0,0,0,0,0,0,0,0,0,0
ant_arc_V,0,0,0,0,4,19,2,4,0,0,0,0,0,0,0,0,0,0,0,0,0
Anterior_arcade_bin_1_mid_to_late_L2,87,0,0,0,0,0,0,0,0,0,0,0,0,0,0,0,0,0,0,0,0
Anterior_arcade_bin_2_around_L2_molt,62,0,0,0,0,0,0,0,0,0,0,0,0,0,0,0,0,0,0,0,0
Anterior_arcade_bin_3_early_L3,74,0,0,0,0,0,0,0,0,0,0,0,0,0,0,0,0,0,0,0,0
Anterior_arcade_cell,0,0,1,21,44,28,15,33,9,0,0,0,0,0,0,0,0,0,0,0,0
AQR,0,0,0,0,0,0,0,0,0,1,1,0,0,31,34,0,0,0,21,0,0
AQR_PQR_URX,97,0,0,0,0,0,0,0,0,0,0,0,0,0,0,0,0,0,0,0,0
Arcade_cell,0,0,0,0,0,0,0,0,0,3,1,0,0,0,321,0,0,0,1,3,2
Arcade_cell_anterior_and_posterior,0,0,0,1,2,7,4,18,13,0,0,0,0,0,0,0,0,0,0,0,0
AS_DA_DB_VA_VB_VC,938,0,0,0,0,0,0,0,0,0,0,0,0,0,0,0,0,0,0,0,0
ASE,0,0,12,56,82,87,12,28,5,0,0,0,0,0,0,0,0,0,0,0,0
ASE_parent,0,0,24,76,7,0,8,31,3,0,0,0,0,0,0,0,0,0,0,0,0
ASEL,37,0,0,0,0,0,0,0,0,12,0,0,0,55,86,0,0,1,12,2,6
ASER,39,0,0,0,0,0,0,0,0,6,0,4,4,33,192,4,0,0,43,1,6
ASG,95,0,0,24,51,51,3,30,14,9,0,3,2,449,291,5,0,1,108,331,115
ASG_AWA,0,0,6,41,25,3,6,15,3,0,0,0,0,0,0,0,0,0,0,0,0
ASH,0,0,24,99,60,75,16,50,21,16,3,2,2,306,163,2,0,1,17,3,2
ASH_PHA_PHB,113,0,0,0,0,0,0,0,0,0,0,0,0,0,0,0,0,0,0,0,0
ASI,44,0,2,19,44,72,12,51,12,16,1,4,3,481,5,5,0,2,62,0,96
ASI_parent,0,0,17,82,31,13,9,30,5,0,0,0,0,0,0,0,0,0,0,0,0
ASJ,84,0,8,72,63,77,22,61,17,18,2,70,69,391,23,5,0,0,135,4,13
ASK,71,0,3,29,65,73,10,41,12,21,20,5,5,191,325,6,0,6,140,3,97
ASK_parent,0,0,27,68,27,1,12,12,3,0,0,0,0,0,0,0,0,0,0,0,0
AUA,0,0,2,22,58,25,13,25,9,15,1,8,10,2,226,17,0,5,126,2,14
AVA,0,0,6,54,70,45,20,36,17,6,0,106,94,0,6,1,0,292,20,3,19
AVA_AVE,277,0,0,0,0,0,0,0,0,0,0,0,0,0,0,0,0,0,0,0,0
AVB,73,0,3,20,53,72,14,22,3,16,0,141,132,1,4,21,5,6,67,1,23
AVD,0,0,0,3,39,26,17,8,6,1,0,0,0,1,4,4,0,193,7,1,54
AVD_PVC,89,0,0,0,0,0,0,0,0,0,0,0,0,0,0,0,0,0,0,0,0
AVE,0,0,1,36,59,29,23,21,8,45,0,37,39,6,5,3,2,720,3,2,11
AVF,0,0,0,0,0,0,0,0,0,12,0,1,1,0,2,1,0,1,77,3,94
AVG,46,0,13,32,26,28,11,13,2,140,1,2,1,0,0,76,5,147,18,0,4
AVH,104,0,0,5,28,25,10,22,4,13,6,1,4,2,4,15,0,2,153,3,62
AVH_parent,0,0,52,45,10,1,14,18,3,0,0,0,0,0,0,0,0,0,0,0,0
AVJ,74,0,0,3,22,13,7,5,3,2,2,0,1,0,0,2,0,2,486,2,483
AVK,257,0,4,50,69,119,23,52,19,1,0,0,1,0,1,16,2,0,911,7,2
AVL,105,0,3,22,15,42,11,19,2,2,0,1,1,0,1,215,31,1,55,0,55
AVM,0,0,0,0,0,0,0,0,0,4,1,0,0,0,17,0,0,0,29,0,1
AWA,66,0,3,40,62,56,18,41,16,24,7,5,4,383,11,6,0,5,128,5,9
AWB,54,0,0,30,73,51,5,38,15,11,0,30,32,123,4,1,0,1,20,2,13
AWC,48,0,5,83,81,71,16,38,15,0,0,0,0,0,0,0,0,0,0,0,0
AWC_OFF,0,0,0,0,0,0,0,0,0,5,1,1,1,47,101,2,0,4,41,3,1
AWC_ON,0,0,0,0,0,0,0,0,0,8,0,1,0,74,116,1,0,1,24,2,4
B,0,0,5,20,2,0,1,5,2,0,0,0,0,0,0,0,0,0,0,0,0
B_F_K_Kp_U_Y,0,0,0,5,4,115,7,26,9,0,0,0,0,0,0,0,0,0,0,0,0
BAG,78,0,5,50,70,62,25,41,12,4,0,0,0,19,121,1,2,3,12,0,5
BDU,0,0,0,0,0,0,0,0,0,3,1,2,0,0,1,3,0,0,124,0,85
Body_wall_muscle,0,0,421,424,2,0,133,124,16,230,35,31,23,4,1348,14,13,5,14,164,90
BWM_anterior,978,0,993,1714,893,527,350,549,165,0,0,0,0,0,0,0,0,0,0,0,0
BWM_far_posterior,215,0,236,296,147,103,71,111,18,0,0,0,0,0,0,0,0,0,0,0,0
BWM_head,146,0,0,0,0,0,0,0,0,0,0,0,0,0,0,0,0,0,0,0,0
BWM_head_row_1,0,0,349,633,307,514,111,364,106,0,0,0,0,0,0,0,0,0,0,0,0
BWM_head_row_2,0,0,441,692,285,246,119,246,77,0,0,0,0,0,0,0,0,0,0,0,0
BWM_middle_and_posterior,3331,0,0,0,0,0,0,0,0,0,0,0,0,0,0,0,0,0,0,0,0
BWM_neck,1130,0,0,0,0,0,0,0,0,0,0,0,0,0,0,0,0,0,0,0,0
BWM_posterior,1088,0,1133,1882,1029,638,376,580,99,0,0,0,0,0,0,0,0,0,0,0,0
CAN,247,1,11,75,83,88,24,40,11,1,0,0,0,0,1,0,0,0,0,1850,0
CEP,0,0,1,14,54,34,20,24,5,4,1,2,2,140,3,1,1,0,42,1,1
cephalic_sheath_cell,0,0,0,0,0,0,0,0,0,28,7,4,7,15,77,13,2,5,12,21,66
CEPsh,205,0,1,10,51,17,15,27,6,0,0,0,0,0,0,0,0,0,0,0,0
CEPso,0,0,1,33,109,41,30,52,22,0,0,0,0,0,0,0,0,0,0,0,0
Ciliated_amphid_neuron,0,0,239,296,18,15,215,164,37,0,0,0,0,0,0,0,0,0,0,0,0
Ciliated_non_amphid_neuron,0,0,437,511,76,41,193,177,34,0,0,0,0,0,0,0,0,0,0,0,0
Coelomocyte,990,0,34,181,184,173,66,124,25,19,18,9,6,3,4120,2,0,0,2,15,635
DA,0,0,13,121,183,96,50,66,13,529,1,15,13,0,0,1,0,0,6,0,3
DA_DB,0,0,0,2,77,53,3,27,11,0,0,0,0,0,0,0,0,0,0,0,0
DB,0,0,15,144,174,43,46,55,6,1248,77,63,75,2,2,5,1,2,8,2,12
DD,0,0,13,60,137,64,22,26,4,0,0,0,0,0,0,0,0,0,0,0,0
DD_VD,420,0,0,0,0,0,0,0,0,0,0,0,0,0,0,0,0,0,0,0,0
Distal_tip_cell,151,0,0,0,0,0,0,0,0,0,0,0,0,0,0,0,0,0,0,0,0
DVA,83,0,8,17,13,30,6,23,2,0,0,1,0,0,50,0,0,0,2,0,0
DVB,0,0,0,0,0,0,0,0,0,103,0,0,0,0,7,77,91,0,22,0,0
DVC,0,0,2,12,32,34,11,8,2,0,0,0,0,0,124,2,2,0,9,0,13
DVC_parent,0,0,23,34,2,0,7,12,1,0,0,0,0,0,0,0,0,0,0,0,0
DVC_tentative,33,0,0,0,0,0,0,0,0,0,0,0,0,0,0,0,0,0,0,0,0
Epidermis,0,0,0,0,0,0,0,0,0,728,124,227,224,54,309,111,24,112,296,365,314
Excretory_cell,33,1,19,48,26,77,13,25,7,0,0,0,0,0,0,0,0,0,0,0,0
Excretory_cell_parent,0,0,17,24,0,0,8,12,1,0,0,0,0,0,0,0,0,0,0,0,0
Excretory_duct,211,0,0,0,0,0,0,0,0,0,0,0,0,0,0,0,0,0,0,0,0
Excretory_duct_and_pore,0,0,4,47,9,19,5,6,0,0,0,0,0,0,0,0,0,0,0,0,0
Excretory_gland,256,0,0,28,69,38,18,30,21,0,0,0,0,0,0,0,0,0,0,0,0
F_U,0,0,4,21,7,6,1,6,2,0,0,0,0,0,0,0,0,0,0,0,0
FLP,0,0,0,1,12,2,1,3,0,0,0,1,0,0,19,3,1,0,52,2,0
FLP_PVD,235,0,0,0,0,0,0,0,0,0,0,0,0,0,0,0,0,0,0,0,0
g1A,121,0,1,6,6,120,7,21,17,0,0,0,0,0,0,0,0,0,0,0,0
g1A_g1P,0,0,12,43,16,24,12,18,17,0,0,0,0,0,0,0,0,0,0,0,0
g1A_parent,0,0,22,33,1,2,2,8,5,0,0,0,0,0,0,0,0,0,0,0,0
g1P,63,0,2,1,5,96,1,11,7,0,0,0,0,0,0,0,0,0,0,0,0
g2,39,0,14,29,12,1,18,17,6,0,0,0,0,0,0,0,0,0,0,0,0
G2_and_W_blasts,0,0,10,47,4,1,7,2,1,0,0,0,0,0,0,0,0,0,0,0,0
g2_parent,0,0,41,45,1,0,19,10,3,0,0,0,0,0,0,0,0,0,0,0,0
Germline,4947,0,104,120,15,3,97,153,7,118,72,36,32,4,161,6,11,7,41,169,56
Glia,0,0,18,103,145,14,43,46,16,0,0,0,0,0,0,0,0,0,0,0,0
GLR,50,0,186,296,119,19,53,73,22,0,0,0,0,0,0,0,0,0,0,0,0
gonadal_sheath_cell,0,0,0,0,0,0,0,0,0,96,13,11,9,12,0,6,14,4,24,101,15
Head_hypodermis,64,0,0,0,0,0,0,0,0,0,0,0,0,0,0,0,0,0,0,0,0
hmc,31,0,10,22,41,56,9,41,10,0,0,0,0,0,0,0,0,0,0,0,0
hmc_and_homolog,0,0,48,38,5,2,10,12,7,0,0,0,0,0,0,0,0,0,0,0,0
hmc_homolog,0,0,15,33,29,36,13,26,3,0,0,0,0,0,0,0,0,0,0,0,0
HSN,0,0,0,0,0,0,0,0,0,2,0,0,0,0,1,2,0,0,26,66,5
hyp1_hyp2,0,0,6,44,82,88,33,72,20,0,0,0,0,0,0,0,0,0,0,0,0
hyp1V,0,0,0,2,10,28,5,8,3,0,0,0,0,0,0,0,0,0,0,0,0
hyp1V_and_ant_arc_V,0,0,5,38,22,12,11,16,8,0,0,0,0,0,0,0,0,0,0,0,0
hyp3,0,0,5,48,21,19,13,7,2,0,0,0,0,0,0,0,0,0,0,0,0
hyp4_hyp5_hyp6,0,0,201,297,40,41,52,45,11,0,0,0,0,0,0,0,0,0,0,0,0
hyp7_AB_lineage,0,0,359,451,64,53,73,51,6,0,0,0,0,0,0,0,0,0,0,0,0
hyp7_C_lineage,0,0,667,747,93,124,74,61,8,0,0,0,0,0,0,0,0,0,0,0,0
hyp_4_to_7_bin_1_mid_L2,229,0,0,0,0,0,0,0,0,0,0,0,0,0,0,0,0,0,0,0,0
hyp_4_to_7_bin_2_late_L2,388,0,0,0,0,0,0,0,0,0,0,0,0,0,0,0,0,0,0,0,0
hyp_4_to_7_bin_3_around_L2_molt,389,0,0,0,0,0,0,0,0,0,0,0,0,0,0,0,0,0,0,0,0
Hypodermis,0,0,171,272,198,1293,119,199,36,0,0,0,0,0,0,0,0,0,0,0,0
I1?,0,0,0,0,0,0,0,0,0,37,31,0,0,0,0,1,0,0,2,0,1
I1_parent,0,0,45,24,0,0,9,10,2,0,0,0,0,0,0,0,0,0,0,0,0
I2_grandparent,0,0,65,83,4,0,19,17,7,0,0,0,0,0,0,0,0,0,0,0,0
I2_I3,0,0,0,0,0,0,0,0,0,0,16,0,0,0,11,0,0,0,0,0,0
I4,0,0,0,0,0,0,0,0,0,1,14,0,0,0,1,0,0,0,3,0,3
I5,56,0,2,17,20,11,11,17,5,120,226,1,2,0,80,0,1,0,21,2,17
I6,0,0,0,0,0,0,0,0,0,0,1,0,0,0,50,1,0,0,4,0,0
IL1,72,0,0,7,51,39,21,36,10,0,0,0,0,15,8,0,0,0,3,0,1
IL1_parent,0,0,24,106,51,9,19,13,4,0,0,0,0,0,0,0,0,0,0,0,0
IL2,86,0,13,40,98,116,37,76,11,0,0,0,0,0,0,0,0,0,0,0,0
IL2_DV,0,0,0,0,0,0,0,0,0,5,2,27,24,82,5,7,0,3,32,0,27
IL2_LR,0,0,0,0,0,0,0,0,0,6,0,13,21,47,6,7,0,0,35,0,6
ILsh_OLLsh_OLQsh,0,0,0,5,68,23,16,47,31,0,0,0,0,0,0,0,0,0,0,0,0
ILso,0,0,1,23,51,16,16,58,9,0,0,0,0,0,0,0,0,0,0,0,0
Includes_CEPso_ILso,277,0,0,0,0,0,0,0,0,0,0,0,0,0,0,0,0,0,0,0,0
Intestinal_and_rectal_muscle,0,0,7,38,36,4,2,0,1,0,0,0,0,0,0,0,0,0,0,0,0
Intestine,0,0,312,236,17,14,146,50,2,60,22,21,20,1,6,11,4,2,76,171,46
Intestine_anterior,2,227,7,18,8,254,5,9,0,0,0,0,0,0,0,0,0,0,0,0,0
Intestine_far_posterior,6,64,0,5,11,134,3,7,0,0,0,0,0,0,0,0,0,0,0,0,0
Intestine_middle_and_posterior,4,212,31,27,34,366,23,13,0,0,0,0,0,0,0,0,0,0,0,0,0
K_Kprime,0,0,14,18,2,0,0,4,1,0,0,0,0,0,0,0,0,0,0,0,0
LUA?,0,0,0,0,0,0,0,0,0,1,1,0,0,0,41,0,0,1,19,0,0
M1,0,0,0,0,0,0,0,0,0,13,71,0,0,0,1,0,0,0,1,0,4
M1_parent,0,0,36,47,1,2,5,17,6,0,0,0,0,0,0,0,0,0,0,0,0
M2,0,0,0,0,0,0,0,0,0,1,321,1,2,0,4,0,0,0,26,3,14
M3,0,0,0,0,0,0,0,0,0,0,9,0,0,0,5,0,0,0,2,2,0
M4_parent,0,0,37,53,4,1,4,15,3,0,0,0,0,0,0,0,0,0,0,0,0
M5,0,0,0,0,0,0,0,0,0,2,118,30,22,0,38,1,1,0,2,3,8
M_cell,0,0,26,45,44,116,25,49,10,0,0,0,0,0,0,0,0,0,0,0,0
Marginal_cell_bin_1_mid_to_late_L2,231,0,0,0,0,0,0,0,0,0,0,0,0,0,0,0,0,0,0,0,0
Marginal_cell_bin_2_around_L2_molt_to_early_L3,96,0,0,0,0,0,0,0,0,0,0,0,0,0,0,0,0,0,0,0,0
MC,0,0,2,2,16,5,23,7,3,6,200,0,1,2,1,2,0,1,18,2,7
mc1,0,0,31,63,23,7,23,19,2,0,0,0,0,0,0,0,0,0,0,0,0
mc2,0,0,30,50,19,15,22,42,12,0,0,0,0,0,0,0,0,0,0,0,0
mc3,0,0,82,134,21,10,42,69,16,0,0,0,0,0,0,0,0,0,0,0,0
MI,0,0,0,0,0,0,0,0,0,18,718,1,5,1,231,5,1,0,99,1,4
mu_int_mu_anal,166,0,20,96,62,94,23,59,9,0,0,0,0,0,0,0,0,0,0,0,0
mu_sph,116,0,5,18,33,49,3,7,2,0,0,0,0,0,0,0,0,0,0,0,0
Not Annotated,5627,1,6336,7485,685,394,4204,4481,1113,0,0,0,0,0,0,0,0,0,0,0,0
Neuroblast_ADE_ADA,0,0,10,44,32,9,5,6,3,0,0,0,0,0,0,0,0,0,0,0,0
Neuroblast_ADF_AWB,0,0,44,83,1,0,1,1,1,0,0,0,0,0,0,0,0,0,0,0,0
Neuroblast_AFD_RMD,0,0,54,54,0,0,23,9,7,0,0,0,0,0,0,0,0,0,0,0,0
Neuroblast_AIZ_FLP,0,0,34,102,50,18,15,16,2,0,0,0,0,0,0,0,0,0,0,0,0
Neuroblast_AIZ_FLP_RMG,0,0,4,25,1,0,1,4,0,0,0,0,0,0,0,0,0,0,0,0,0
Neuroblast_ALA_RMED,0,0,23,24,3,1,12,10,5,0,0,0,0,0,0,0,0,0,0,0,0
Neuroblast_ALM_BDU,0,0,12,32,35,35,5,21,5,0,0,0,0,0,0,0,0,0,0,0,0
Neuroblast_ASE_ASJ_AUA,0,0,37,44,1,0,15,5,1,0,0,0,0,0,0,0,0,0,0,0,0
Neuroblast_ASG_AWA,0,0,63,70,2,3,2,1,1,0,0,0,0,0,0,0,0,0,0,0,0
Neuroblast_ASH_RIB,0,0,50,50,0,0,5,4,0,0,0,0,0,0,0,0,0,0,0,0,0
Neuroblast_ASJ_AUA,0,0,15,68,3,1,8,20,8,0,0,0,0,0,0,0,0,0,0,0,0
Neuroblast_AVG_RIR,0,0,21,23,1,0,0,1,0,0,0,0,0,0,0,0,0,0,0,0,0
Neuroblast_AWC_SAAVx,0,0,69,71,2,0,15,12,2,0,0,0,0,0,0,0,0,0,0,0,0
Neuroblast_BAG_SMDVx,0,0,13,26,0,0,2,8,0,0,0,0,0,0,0,0,0,0,0,0,0
Neuroblast_HSN_PHB,0,0,14,48,25,3,7,18,1,0,0,0,0,0,0,0,0,0,0,0,0
Neuroblast_I6_M5,0,0,9,9,0,0,3,2,0,0,0,0,0,0,0,0,0,0,0,0,0
Neuroblast_IL1_IL2,0,0,24,51,4,0,9,9,1,0,0,0,0,0,0,0,0,0,0,0,0
Neuroblast_M2_M3,0,0,44,36,0,1,16,9,3,0,0,0,0,0,0,0,0,0,0,0,0
Neuroblast_PVC_LUA,0,0,15,75,25,4,7,11,1,0,0,0,0,0,0,0,0,0,0,0,0
Neuroblast_URX_CEPDx,0,0,15,66,21,5,14,3,1,0,0,0,0,0,0,0,0,0,0,0,0
NSM,0,0,0,0,0,0,0,0,0,1,6,0,0,0,0,0,0,0,0,49,0
NSM_parent,0,0,9,28,4,10,4,10,5,0,0,0,0,0,0,0,0,0,0,0,0
OLL,0,0,0,7,26,35,13,22,5,0,0,0,0,0,0,0,0,0,0,0,0
OLL?,0,0,0,0,0,0,0,0,0,0,0,0,0,9,17,0,0,0,1,0,0
OLL_parent,0,0,22,95,33,17,14,23,4,0,0,0,0,0,0,0,0,0,0,0,0
OLQ,49,0,0,26,80,74,24,40,10,1,0,0,0,14,32,0,1,0,2,0,1
OLQ_grandparent,0,0,28,65,1,0,10,1,0,0,0,0,0,0,0,0,0,0,0,0,0
OLQ_parent,0,0,53,117,54,31,25,61,12,0,0,0,0,0,0,0,0,0,0,0,0
P_cell,0,0,298,436,64,98,47,78,16,0,0,0,0,0,0,0,0,0,0,0,0
Parent_of_AMsh_URB,0,0,64,61,1,1,19,16,3,0,0,0,0,0,0,0,0,0,0,0,0
Parent_of_exc_duct_pore_DB_1_3,0,0,17,24,0,0,10,1,1,0,0,0,0,0,0,0,0,0,0,0,0
Parent_of_exc_gland_AVK,0,0,46,44,1,0,11,8,1,0,0,0,0,0,0,0,0,0,0,0,0
Parent_of_g1P_I3,0,0,9,27,8,2,3,4,1,0,0,0,0,0,0,0,0,0,0,0,0
Parent_of_hyp1V_and_ant_arc_V,0,0,27,33,2,1,7,4,1,0,0,0,0,0,0,0,0,0,0,0,0
Parent_of_hyp3_ILsoDx,0,0,75,69,4,0,10,15,6,0,0,0,0,0,0,0,0,0,0,0,0
Parent_of_K_Kprime,0,0,9,24,1,0,0,1,0,0,0,0,0,0,0,0,0,0,0,0,0
Parent_of_MI_pm1DR,0,0,25,25,1,0,5,0,2,0,0,0,0,0,0,0,0,0,0,0,0
Parent_of_PVP_and_rect_V,0,0,18,27,2,1,0,5,0,0,0,0,0,0,0,0,0,0,0,0,0
Parent_of_tail_spike_and_hyp10,0,0,35,29,0,0,2,18,7,0,0,0,0,0,0,0,0,0,0,0,0
Parents_of_PHsh_hyp8_hyp9,0,0,33,44,0,0,3,5,0,0,0,0,0,0,0,0,0,0,0,0,0
Parents_of_U_F_B_DVA,0,0,32,45,1,0,0,4,1,0,0,0,0,0,0,0,0,0,0,0,0
Parents_of_Y_DA6_DA7_DA9,0,0,5,16,0,0,0,1,0,0,0,0,0,0,0,0,0,0,0,0,0
PDE,0,0,0,0,0,0,0,0,0,0,0,0,0,8,0,0,1,0,4,0,2
PHA,0,0,0,0,0,0,0,0,0,0,0,0,0,71,65,1,0,0,7,0,0
Pharyngeal_epithelial_cell_tentative,69,0,0,0,0,0,0,0,0,0,0,0,0,0,0,0,0,0,0,0,0
Pharyngeal_gland_cell,0,0,0,0,0,0,0,0,0,12,2,3,4,1,11,4,2,0,12,18,17
Pharyngeal_intestinal_valve,0,0,100,157,35,68,63,56,14,0,0,0,0,0,0,0,0,0,0,0,0
Pharyngeal_marginal_cell,0,0,49,72,7,0,18,27,6,0,0,0,0,0,0,0,0,0,0,0,0
Pharyngeal_muscle,0,0,0,0,0,0,0,0,0,60,21,12,16,9,223,12,2,2,19,265,64
Pharyngeal_muscle_incomplete_dissociation,0,0,0,0,3,53,3,6,5,0,0,0,0,0,0,0,0,0,0,0,0
Pharyngeal_neuron,0,0,101,185,49,19,110,140,30,0,0,0,0,0,0,0,0,0,0,0,0
Pharyngeal_neuron_1,45,0,0,0,0,0,0,0,0,0,0,0,0,0,0,0,0,0,0,0,0
Pharyngeal_neuron_2,66,0,0,0,0,0,0,0,0,0,0,0,0,0,0,0,0,0,0,0,0
Pharyngeal_neuron_3,126,0,0,0,0,0,0,0,0,0,0,0,0,0,0,0,0,0,0,0,0
PHB,0,0,0,0,0,0,0,0,0,1,0,1,1,43,139,1,0,0,11,0,1
PHB_and_possibly_PHA,0,0,0,8,40,20,7,7,1,0,0,0,0,0,0,0,0,0,0,0,0
PHsh,49,0,0,0,0,0,0,0,0,0,0,0,0,0,0,0,0,0,0,0,0
PLM,0,0,0,1,8,3,1,2,1,0,0,0,0,0,0,0,0,0,0,0,0
PLM_ALN_grandparent,0,0,11,34,41,28,5,19,4,0,0,0,0,0,0,0,0,0,0,0,0
PLM_ALN_great_grandparent,0,0,34,81,12,16,7,14,1,0,0,0,0,0,0,0,0,0,0,0,0
PLN?,0,0,0,0,0,0,0,0,0,2,1,2,0,0,2,1,0,0,27,3,2
pm1_pm2,118,0,3,17,58,42,27,37,13,0,0,0,0,0,0,0,0,0,0,0,0
pm3_pm4_pm5,76,0,484,645,89,132,221,226,52,0,0,0,0,0,0,0,0,0,0,0,0
pm6,0,0,21,58,16,14,10,16,9,0,0,0,0,0,0,0,0,0,0,0,0
pm6_and_possibly_pm7,27,0,0,0,0,0,0,0,0,0,0,0,0,0,0,0,0,0,0,0,0
pm7,0,0,56,93,22,28,22,38,11,0,0,0,0,0,0,0,0,0,0,0,0
pm8,0,0,1,3,6,4,10,7,1,0,0,0,0,0,0,0,0,0,0,0,0
Posterior_arcade_bin_1_mid_to_late_L2,107,0,0,0,0,0,0,0,0,0,0,0,0,0,0,0,0,0,0,0,0
Posterior_arcade_bin_2_around_L2_molt,99,0,0,0,0,0,0,0,0,0,0,0,0,0,0,0,0,0,0,0,0
Posterior_arcade_bin_3_early_L3,63,0,0,0,0,0,0,0,0,0,0,0,0,0,0,0,0,0,0,0,0
Posterior_arcade_cell,0,0,2,15,61,46,20,59,6,0,0,0,0,0,0,0,0,0,0,0,0
PQR,0,0,0,0,0,0,0,0,0,0,0,0,0,2,14,0,0,0,10,0,0
PVC,0,0,0,0,0,0,0,0,0,0,0,3,2,0,0,0,0,120,10,0,7
PVD,0,0,0,0,0,0,0,0,0,1,0,0,0,0,10,0,0,0,11,0,1
PVM?,0,0,0,0,0,0,0,0,0,0,0,0,0,0,0,0,0,0,11,0,0
PVN?,0,0,0,0,0,0,0,0,0,0,0,0,0,0,0,0,0,0,9,0,2
PVP,59,0,0,8,47,22,11,20,8,1,1,28,22,1,13,1,2,0,80,0,1
PVQ,66,0,0,0,0,0,0,0,0,2,0,1,1,1,221,0,0,1,62,0,26
PVQ_and_possibly_PVC,0,0,0,7,17,9,6,7,2,0,0,0,0,0,0,0,0,0,0,0,0
PVQ_parent,0,0,77,99,3,1,15,16,0,0,0,0,0,0,0,0,0,0,0,0,0
PVR,0,0,0,2,11,0,0,1,0,0,3,0,0,0,25,0,0,3,6,0,0
PVT,51,0,2,10,9,18,6,9,0,0,0,0,0,0,0,0,0,0,0,0,0
rect_D,0,0,0,8,2,1,2,5,2,0,0,0,0,0,0,0,0,0,0,0,0
Rectal_cell,0,0,0,1,0,1,0,0,0,0,0,0,0,0,0,0,0,0,0,0,0
Rectal_gland,0,0,3,9,12,156,7,40,22,0,0,0,0,0,0,0,0,0,0,0,0
Reproductive,0,0,0,0,0,0,0,0,0,16,7,10,14,5,0,2,6,0,23,23,5
RIA,132,0,2,22,90,73,20,40,13,71,5,20,21,6,603,17,2,24,508,10,388
RIA_parent,0,0,37,41,2,0,13,6,4,0,0,0,0,0,0,0,0,0,0,0,0
RIB,0,0,0,2,40,25,9,7,3,12,0,61,40,0,2,156,122,0,36,1,58
RIC,65,0,1,10,29,7,9,11,2,55,3,16,7,3,387,41,4,9,360,13,30
RIC_parent,0,0,44,98,32,8,17,19,5,0,0,0,0,0,0,0,0,0,0,0,0
RID,81,0,3,9,15,13,9,6,0,12,41,1,1,0,0,3,0,2,6,95,33
RID_parent,0,0,32,25,6,0,16,11,3,0,0,0,0,0,0,0,0,0,0,0,0
RIF?,0,0,0,0,0,0,0,0,0,3,1,46,39,0,3,20,0,13,55,3,12
RIG,0,0,0,0,0,0,0,0,0,971,0,1,0,0,102,4,0,3,33,1,5
RIH,0,0,3,7,13,5,7,2,1,0,0,0,0,0,0,0,0,0,0,0,0
RIH?,0,0,0,0,0,0,0,0,0,6,0,34,29,1,0,4,1,0,15,1,4
RIM,49,0,2,16,56,45,13,20,5,4,0,0,0,1,114,2,1,515,55,3,105
RIM_parent,0,0,51,68,1,0,20,12,2,0,0,0,0,0,0,0,0,0,0,0,0
RIS,35,0,5,22,32,36,6,19,6,4,0,1,0,0,0,24,19,0,9,0,0
RIV,0,0,2,28,72,27,21,38,10,12,1,96,85,4,6,8,2,3,343,5,14
RIV?,0,0,0,0,0,0,0,0,0,0,0,165,145,0,0,4,1,0,1,0,1
RMD,45,0,2,25,67,40,23,31,11,0,0,0,0,0,0,0,0,0,0,0,0
RMD?,0,0,0,0,0,0,0,0,0,0,0,43,48,0,0,1,0,0,0,0,1
RMD_DV,0,0,0,0,0,0,0,0,0,6,0,60,50,0,79,13,4,16,15,1,49
RME,45,0,7,70,95,61,39,54,9,0,0,0,0,0,0,0,0,0,0,0,0
RME_DV,0,0,0,0,0,0,0,0,0,1,2,2,0,0,0,61,12,1,11,1,18
RME_LR,0,0,0,0,0,0,0,0,0,0,0,1,0,1,1,66,23,0,5,0,6
RME_LR_parent,0,0,32,56,2,0,12,4,1,0,0,0,0,0,0,0,0,0,0,0,0
RMED,0,0,9,11,4,0,0,1,0,0,0,0,0,0,0,0,0,0,0,0,0
RMF?,0,0,0,0,0,0,0,0,0,18,2,158,159,3,6,12,1,2,34,9,3
RMG,95,0,0,0,0,0,0,0,0,9,0,2,2,1,3,0,0,1,36,1,17
RMH,0,0,0,0,0,0,0,0,0,31,6,70,67,4,0,5,0,1,16,5,5
RMH_tentative,74,0,0,0,0,0,0,0,0,0,0,0,0,0,0,0,0,0,0,0,0
SAA,0,0,0,0,0,0,0,0,0,1,0,0,4,0,2,0,1,0,24,0,25
SAA_SAB,302,0,0,0,0,0,0,0,0,0,0,0,0,0,0,0,0,0,0,0,0
SDQ,0,0,0,0,0,0,0,0,0,5,0,9,7,0,1,24,41,1,25,1,8
Seam_cell,0,0,505,667,161,1148,117,150,18,0,0,0,0,0,0,0,0,0,0,0,0
Seam_cell_bin_1_mid_L2,284,0,0,0,0,0,0,0,0,0,0,0,0,0,0,0,0,0,0,0,0
Seam_cell_bin_2_late_L2,1042,0,0,0,0,0,0,0,0,0,0,0,0,0,0,0,0,0,0,0,0
Seam_cell_bin_3_around_L2_molt,864,1,0,0,0,0,0,0,0,0,0,0,0,0,0,0,0,0,0,0,0
Seam_cell_bin_4_ecdysis_post_L2_molt,463,0,0,0,0,0,0,0,0,0,0,0,0,0,0,0,0,0,0,0,0
Seam_cell_bin_5_early_L3,754,0,0,0,0,0,0,0,0,0,0,0,0,0,0,0,0,0,0,0,0
Sex_myoblast,389,0,0,0,0,0,0,0,0,0,0,0,0,0,0,0,0,0,0,0,0
SIA,0,0,1,21,87,44,21,15,11,26,2,185,171,0,5,1054,257,2,55,1,64
SIA_SIB,342,0,0,0,0,0,0,0,0,0,0,0,0,0,0,0,0,0,0,0,0
SIB,0,0,1,4,74,19,18,4,4,22,4,204,203,3,14,35,4,16,51,1,48
SMB,32,0,0,8,84,26,18,38,3,49,4,203,171,4,9,41,10,4,47,4,351
SMD,247,0,2,13,137,61,41,33,16,0,0,0,0,0,0,0,0,0,0,0,0
SMD?,0,0,0,0,0,0,0,0,0,1,1,251,213,0,0,12,0,0,0,0,0
SMD_RMD?,0,0,0,0,0,0,0,0,0,5,1,46,35,1,76,4,1,25,24,0,78
SMDD,0,0,0,0,0,0,0,0,0,92,7,108,97,8,23,11,1,12,130,8,432
Somatic_gonad_precursor,643,0,0,0,0,0,0,0,0,0,0,0,0,0,0,0,0,0,0,0,0
Sperm,0,0,0,0,0,0,0,0,0,31,20,7,7,10,6,8,7,1,47,148,9
T,0,0,44,88,3,0,1,5,0,0,0,0,0,0,0,0,0,0,0,0,0
Tail_hypodermis,0,0,37,88,33,175,12,31,11,0,0,0,0,0,0,0,0,0,0,0,0
Tail_hypodermis_bin_1_late_L2,80,0,0,0,0,0,0,0,0,0,0,0,0,0,0,0,0,0,0,0,0
Tail_hypodermis_bin_2_around_L2_molt,88,0,0,0,0,0,0,0,0,0,0,0,0,0,0,0,0,0,0,0,0
Unidentified,0,0,0,0,0,0,0,0,0,115,13,183,150,6,20,23,1,16,66,16,29
Unknown_2,0,0,0,0,0,0,0,0,0,0,0,0,0,0,0,0,0,0,20,0,1
Unknown_ACh,0,0,0,0,0,0,0,0,0,258,216,2,2,0,0,0,0,1,1,0,1
Unknown_ACh_3,0,0,0,0,0,0,0,0,0,3,1,2,5,0,0,5,0,0,5,0,17
Unknown_glut_2,0,0,0,0,0,0,0,0,0,1,0,1,0,0,114,0,2,0,15,1,1
Unknown_NT,0,0,0,0,0,0,0,0,0,192,90,0,0,0,36,0,0,0,2,5,0
URA?,0,0,0,0,0,0,0,0,0,3,2,42,41,0,5,5,0,1,59,0,175
URA_parent,0,0,7,6,0,0,1,0,0,0,0,0,0,0,0,0,0,0,0,0,0
URB,0,0,0,0,0,0,0,0,0,1,0,1,3,1,2,0,1,0,9,0,15
URB_and_possibly_URA,0,0,1,6,36,9,16,20,5,0,0,0,0,0,0,0,0,0,0,0,0
URX,0,0,1,27,50,87,9,44,12,1,0,17,15,25,0,62,0,1,4,0,4
URY?,0,0,0,0,0,0,0,0,0,0,0,0,0,0,60,0,0,0,2,0,0
VA_SAB,0,0,0,0,0,0,0,0,0,242,2,185,178,1,6,36,15,34,157,8,288
VB,0,0,0,0,0,0,0,0,0,5372,14,439,356,2,11,32,4,6,269,10,191
VC_1-3;6,0,0,0,0,0,0,0,0,0,40,2,53,40,0,5,16,4,1,985,9,17
VC_4_5,0,0,0,0,0,0,0,0,0,3,0,0,0,1,0,0,0,0,73,0,1
VD_DD,0,0,0,0,0,0,0,0,0,38,5,4,0,2,8,389,439,2,192,5,29
Vulval_precursor_bin_1_late_L2,282,0,0,0,0,0,0,0,0,0,0,0,0,0,0,0,0,0,0,0,0
Vulval_precursor_bin_2_early_L3,271,0,0,0,0,0,0,0,0,0,0,0,0,0,0,0,0,0,0,0,0
XXX,73,0,0,1,6,3,1,8,6,0,0,0,0,0,0,0,0,0,0,0,0
Y,0,0,2,18,6,10,1,4,2,0,0,0,0,0,0,0,0,0,0,0,0
Z1_Z4,0,0,43,110,39,40,31,82,27,0,0,0,0,0,0,0,0,0,0,0,0
